time,state,uptimeSec,freeHeap,minFreeHeap,largestBlock,freeDma,minFreeDma,rssi,wifiMode,espnowBound,runActive,pingOk,wsFrames
2026-07-08T19:26:53,ok,3884,173604,114452,124916,165844,106692,-69,sta,True,True,1,1
2026-07-08T19:27:23,ok,3914,171644,114452,124916,163884,106692,-68,sta,True,True,1,120
2026-07-08T19:27:53,ok,3944,167040,114452,120820,159280,106692,-68,sta,True,True,1,238
2026-07-08T19:28:23,ok,3974,171644,114452,124916,163884,106692,-69,sta,True,True,1,355
2026-07-08T19:28:53,ok,4004,171436,114452,124916,163676,106692,-69,sta,True,True,1,473
2026-07-08T19:29:23,ok,4034,171644,114452,124916,163884,106692,-69,sta,True,True,1,591
2026-07-08T19:29:53,ok,4064,171644,114452,124916,163884,106692,-69,sta,True,True,1,709
2026-07-08T19:30:23,ok,4094,171644,114452,124916,163884,106692,-69,sta,True,True,1,827
2026-07-08T19:30:53,ok,4124,168644,114452,120820,160884,106692,-69,sta,True,True,1,945
2026-07-08T19:31:23,ok,4154,171644,114452,124916,163884,106692,-69,sta,True,True,1,1063
2026-07-08T19:31:53,ok,4184,165500,114452,118772,157740,106692,-67,sta,True,True,1,1181
2026-07-08T19:32:23,ok,4214,167040,114452,120820,159280,106692,-69,sta,True,True,1,1299
2026-07-08T19:32:53,ok,4244,171644,114452,124916,163884,106692,-68,sta,True,True,1,1417
2026-07-08T19:33:24,ok,4274,171644,114452,124916,163884,106692,-68,sta,True,True,1,1535
2026-07-08T19:33:54,ok,4304,167040,114452,120820,159280,106692,-69,sta,True,True,1,1652
2026-07-08T19:34:24,ok,4334,171644,114452,124916,163884,106692,-68,sta,True,True,1,1770
2026-07-08T19:34:54,ok,4364,171644,114452,124916,163884,106692,-68,sta,True,True,1,1887
2026-07-08T19:35:24,ok,4394,171644,114452,124916,163884,106692,-68,sta,True,True,1,2004
2026-07-08T19:35:54,ok,4424,171644,114452,124916,163884,106692,-69,sta,True,True,1,2123
2026-07-08T19:36:24,ok,4454,160832,114452,114676,153072,106692,-77,sta,True,True,1,2175
2026-07-08T19:36:54,ok,4485,157136,95128,55284,149376,87368,-77,sta,True,True,1,2184
2026-07-08T19:37:24,ok,4515,148712,95128,102388,140952,87368,-76,sta,True,True,1,2236
2026-07-08T19:37:54,ip_dead,,,,,,,,,,,0,
2026-07-08T19:38:31,ok,4582,165584,62352,48116,157824,54592,-79,sta,True,True,1,2292
2026-07-08T19:39:02,ip_dead,,,,,,,,,,,0,
2026-07-08T19:39:39,ip_dead,,,,,,,,,,,0,
2026-07-08T19:40:16,ok,4692,168624,62352,67572,160864,54592,-80,sta,True,True,1,2425
2026-07-08T19:40:51,ok,4723,136556,62352,67572,128796,54592,-81,sta,True,True,1,2444
2026-07-08T19:41:22,http_dead,,,,,,,,,,,1,
2026-07-08T19:41:59,ok,4791,165324,62352,67572,157564,54592,-79,sta,True,True,1,2466
2026-07-08T19:42:31,ok,4827,170116,62352,67572,162356,54592,-80,sta,True,True,1,2479
2026-07-08T19:43:06,ok,4861,127368,62352,67572,119608,54592,-80,sta,True,True,1,2501
2026-07-08T19:43:40,ok,4891,155296,62352,67572,147536,54592,-79,sta,True,True,1,2513
2026-07-08T19:44:10,ip_dead,,,,,,,,,,,0,
2026-07-08T19:44:49,ok,4960,168528,62352,67572,160768,54592,-79,sta,True,True,1,2568
2026-07-08T19:45:20,ok,4991,169212,62352,67572,161452,54592,-79,sta,True,True,1,2575
2026-07-08T19:45:51,ok,5023,156168,62352,67572,148408,54592,-80,sta,True,True,1,2576
2026-07-08T19:46:23,ip_dead,,,,,,,,,,,0,
2026-07-08T19:47:00,ok,5092,170844,62352,67572,163084,54592,-80,sta,True,True,1,2584
2026-07-08T19:47:31,ip_dead,,,,,,,,,,,0,
2026-07-08T19:48:09,ok,5163,122720,62352,67572,114960,54592,-80,sta,True,True,1,2637
2026-07-08T19:48:42,ok,5193,143576,62352,67572,135816,54592,-79,sta,True,True,1,2702
2026-07-08T19:49:12,ok,5225,148940,62352,67572,141180,54592,-79,sta,True,True,1,2797
2026-07-08T19:49:44,ok,5258,154976,62352,67572,147216,54592,-79,sta,True,True,1,2824
2026-07-08T19:50:18,ok,5290,169060,62352,67572,161300,54592,-78,sta,True,True,1,2840
2026-07-08T19:50:49,ip_dead,,,,,,,,,,,0,
2026-07-08T19:51:26,ok,5360,142288,62352,67572,134528,54592,-77,sta,True,True,1,2906
2026-07-08T19:51:59,ok,5392,120632,62352,53236,112872,54592,-77,sta,True,True,1,2924
2026-07-08T19:52:31,ok,5422,92612,62352,40948,84852,54592,-80,sta,True,True,1,2949
2026-07-08T19:53:01,ok,5452,155412,62352,41972,147652,54592,-69,sta,True,True,1,3082
2026-07-08T19:53:31,ok,5482,164536,62352,41972,156776,54592,-69,sta,True,True,1,3200
2026-07-08T19:54:01,ok,5512,167804,62352,41972,160044,54592,-69,sta,True,True,1,3318
2026-07-08T19:54:31,ok,5542,169344,62352,41972,161584,54592,-70,sta,True,True,1,3435
2026-07-08T19:55:01,ok,5572,169316,62352,41972,161556,54592,-69,sta,True,True,1,3553
2026-07-08T19:55:31,ok,5602,169344,62352,41972,161584,54592,-70,sta,True,True,1,3671
2026-07-08T19:56:01,ok,5632,169344,62352,41972,161584,54592,-70,sta,True,True,1,3789
2026-07-08T19:56:31,ok,5662,169344,62352,41972,161584,54592,-69,sta,True,True,1,3907
2026-07-08T19:57:01,ok,5692,169344,62352,41972,161584,54592,-69,sta,True,True,1,4024
2026-07-08T19:57:32,ok,5722,169344,62352,41972,161584,54592,-69,sta,True,True,1,4142
2026-07-08T19:58:02,ok,5752,169344,62352,41972,161584,54592,-69,sta,True,True,1,4259
2026-07-08T19:58:32,ok,5782,169344,62352,41972,161584,54592,-69,sta,True,True,1,4376
2026-07-08T19:59:02,ok,5812,169344,62352,41972,161584,54592,-69,sta,True,True,1,4494
2026-07-08T19:59:32,ok,5842,169344,62352,41972,161584,54592,-69,sta,True,True,1,4612
2026-07-08T20:00:02,ok,5873,169344,62352,41972,161584,54592,-69,sta,True,True,1,4731
2026-07-08T20:00:32,ok,5903,169344,62352,41972,161584,54592,-69,sta,True,True,1,4849
2026-07-08T20:01:02,ok,5933,169344,62352,41972,161584,54592,-69,sta,True,True,1,4967
2026-07-08T20:01:32,ok,5963,169344,62352,41972,161584,54592,-69,sta,True,True,1,5085
2026-07-08T20:02:02,ok,5993,169076,62352,41972,161316,54592,-68,sta,True,True,1,5202
2026-07-08T20:02:32,ok,6023,169076,62352,41972,161316,54592,-68,sta,True,True,1,5319
2026-07-08T20:03:02,ok,6053,169076,62352,41972,161316,54592,-69,sta,True,True,1,5437
2026-07-08T20:03:32,ok,6083,169076,62352,41972,161316,54592,-69,sta,True,True,1,5555
2026-07-08T20:04:02,ok,6113,169344,62352,41972,161584,54592,-69,sta,True,True,1,5672
2026-07-08T20:04:32,ok,6143,169344,62352,41972,161584,54592,-69,sta,True,True,1,5790
2026-07-08T20:05:02,ok,6173,166340,62352,41972,158580,54592,-69,sta,True,True,1,5908
2026-07-08T20:05:32,ok,6203,169344,62352,41972,161584,54592,-69,sta,True,True,1,6026
2026-07-08T20:06:02,ok,6233,169344,62352,41972,161584,54592,-69,sta,True,True,1,6144
2026-07-08T20:06:32,ok,6263,169344,62352,41972,161584,54592,-68,sta,True,True,1,6262
2026-07-08T20:07:02,ok,6293,169344,62352,41972,161584,54592,-68,sta,True,True,1,6380
2026-07-08T20:07:33,ok,6323,169344,62352,41972,161584,54592,-69,sta,True,True,1,6498
2026-07-08T20:08:03,ok,6353,169344,62352,41972,161584,54592,-70,sta,True,True,1,6615
2026-07-08T20:08:33,ok,6383,163884,62352,41972,156124,54592,-70,sta,True,True,1,6733
2026-07-08T20:09:03,ok,6413,169344,62352,41972,161584,54592,-74,sta,True,True,1,6851
2026-07-08T20:09:33,ok,6443,165816,62352,41972,158056,54592,-68,sta,True,True,1,6969
2026-07-08T20:10:03,ok,6474,164216,62352,41972,156456,54592,-69,sta,True,True,1,7087
2026-07-08T20:10:33,ok,6504,164212,62352,41972,156452,54592,-68,sta,True,True,1,7205
2026-07-08T20:11:03,ok,6534,166072,62352,41972,158312,54592,-69,sta,True,True,1,7323
2026-07-08T20:11:33,ok,6564,168668,62352,41972,160908,54592,-70,sta,True,True,1,7441
2026-07-08T20:12:03,ok,6594,166072,62352,41972,158312,54592,-69,sta,True,True,1,7559
2026-07-08T20:12:33,ok,6624,163668,62352,41972,155908,54592,-69,sta,True,True,1,7677
2026-07-08T20:13:03,ok,6654,163936,62352,41972,156176,54592,-69,sta,True,True,1,7794
2026-07-08T20:13:33,ok,6684,162392,62352,41972,154632,54592,-69,sta,True,True,1,7912
2026-07-08T20:14:04,ok,6714,165536,62352,41972,157776,54592,-69,sta,True,True,1,8029
2026-07-08T20:14:34,ok,6745,169080,62352,41972,161320,54592,-70,sta,True,True,1,8147
2026-07-08T20:15:04,ok,6775,164200,62352,41972,156440,54592,-69,sta,True,True,1,8265
2026-07-08T20:15:34,ok,6805,164472,62352,41972,156712,54592,-70,sta,True,True,1,8382
2026-07-08T20:16:04,ok,6835,163400,62352,41972,155640,54592,-69,sta,True,True,1,8500
2026-07-08T20:16:34,ok,6865,164468,62352,41972,156708,54592,-69,sta,True,True,1,8618
2026-07-08T20:17:04,ok,6895,163936,62352,41972,156176,54592,-69,sta,True,True,1,8736
2026-07-08T20:17:34,ok,6925,164468,62352,41972,156708,54592,-69,sta,True,True,1,8854
2026-07-08T20:18:04,ok,6955,169076,62352,41972,161316,54592,-69,sta,True,True,1,8972
2026-07-08T20:18:35,ok,6985,164472,62352,41972,156712,54592,-69,sta,True,True,1,9090
2026-07-08T20:19:05,ok,7015,164468,62352,41972,156708,54592,-69,sta,True,True,1,9208
2026-07-08T20:19:35,ok,7045,168244,62352,41972,160484,54592,-70,sta,True,True,1,9326
2026-07-08T20:20:05,ok,7076,163920,62352,41972,156160,54592,-69,sta,True,True,1,9444
2026-07-08T20:20:35,ok,7106,164272,62352,41972,156512,54592,-69,sta,True,True,1,9562
2026-07-08T20:21:05,ok,7136,169344,62352,41972,161584,54592,-69,sta,True,True,1,9680
2026-07-08T20:21:35,ok,7166,169344,62352,41972,161584,54592,-70,sta,True,True,1,9798
2026-07-08T20:22:05,ok,7196,166340,62352,41972,158580,54592,-70,sta,True,True,1,9916
2026-07-08T20:22:35,ok,7226,169344,62352,41972,161584,54592,-69,sta,True,True,1,10034
2026-07-08T20:23:05,ok,7256,164736,62352,41972,156976,54592,-69,sta,True,True,1,10152
2026-07-08T20:23:35,ok,7286,169344,62352,41972,161584,54592,-69,sta,True,True,1,10270
2026-07-08T20:24:05,ok,7316,169344,62352,41972,161584,54592,-72,sta,True,True,1,10388
2026-07-08T20:24:35,ok,7346,169344,62352,41972,161584,54592,-71,sta,True,True,1,10505
2026-07-08T20:25:05,ok,7376,169344,62352,41972,161584,54592,-72,sta,True,True,1,10623
2026-07-08T20:25:35,ok,7406,169344,62352,41972,161584,54592,-72,sta,True,True,1,10741
2026-07-08T20:26:06,ok,7436,169344,62352,41972,161584,54592,-72,sta,True,True,1,10859
2026-07-08T20:26:36,ok,7466,169344,62352,41972,161584,54592,-72,sta,True,True,1,10977
2026-07-08T20:27:06,ok,7496,169344,62352,41972,161584,54592,-71,sta,True,True,1,11095
2026-07-08T20:27:36,ok,7526,169344,62352,41972,161584,54592,-71,sta,True,True,1,11213
2026-07-08T20:28:06,ok,7556,169344,62352,41972,161584,54592,-71,sta,True,True,1,11331
2026-07-08T20:28:36,ok,7586,166340,62352,41972,158580,54592,-72,sta,True,True,1,11449
2026-07-08T20:29:06,ok,7617,169344,62352,41972,161584,54592,-71,sta,True,True,1,11567
2026-07-08T20:29:36,ok,7647,169344,62352,41972,161584,54592,-71,sta,True,True,1,11685
2026-07-08T20:30:06,ok,7677,169344,62352,41972,161584,54592,-71,sta,True,True,1,11803
2026-07-08T20:30:36,ok,7707,169344,62352,41972,161584,54592,-69,sta,True,True,1,11921
2026-07-08T20:31:06,ok,7737,171304,62352,41972,163544,54592,-70,sta,True,True,1,12039
2026-07-08T20:31:36,ok,7767,171304,62352,41972,163544,54592,-69,sta,True,True,1,12157
2026-07-08T20:32:06,ok,7797,171304,62352,41972,163544,54592,-69,sta,True,True,1,12274
2026-07-08T20:32:36,ok,7827,171304,62352,41972,163544,54592,-70,sta,True,True,1,12392
2026-07-08T20:33:06,ok,7857,168308,62352,41972,160548,54592,-70,sta,True,True,1,12511
2026-07-08T20:33:36,ok,7887,171304,62352,41972,163544,54592,-70,sta,True,True,1,12629
2026-07-08T20:34:06,ok,7917,170900,62352,41972,163140,54592,-69,sta,True,True,1,12747
2026-07-08T20:34:37,ok,7947,171304,62352,41972,163544,54592,-69,sta,True,True,1,12866
2026-07-08T20:35:07,ok,7977,171304,62352,41972,163544,54592,-68,sta,True,True,1,12985
2026-07-08T20:35:37,ok,8008,171304,62352,41972,163544,54592,-69,sta,True,True,1,13102
2026-07-08T20:36:07,ok,8038,171308,62352,41972,163548,54592,-71,sta,True,True,1,13219
2026-07-08T20:36:37,ok,8068,168308,62352,41972,160548,54592,-72,sta,True,True,1,13337
2026-07-08T20:37:07,ok,8098,171304,62352,41972,163544,54592,-71,sta,True,True,1,13454
2026-07-08T20:37:37,ok,8128,171304,62352,41972,163544,54592,-71,sta,True,True,1,13573
2026-07-08T20:38:07,ok,8158,171304,62352,41972,163544,54592,-71,sta,True,True,1,13691
2026-07-08T20:38:37,ok,8188,171304,62352,41972,163544,54592,-71,sta,True,True,1,13808
2026-07-08T20:39:07,ok,8218,171304,62352,41972,163544,54592,-70,sta,True,True,1,13926
2026-07-08T20:39:37,ok,8248,171304,62352,41972,163544,54592,-70,sta,True,True,1,14044
2026-07-08T20:40:07,ok,8278,168308,62352,41972,160548,54592,-71,sta,True,True,1,14162
2026-07-08T20:40:37,ok,8308,171304,62352,41972,163544,54592,-72,sta,True,True,1,14280
2026-07-08T20:41:07,ok,8338,171304,62352,41972,163544,54592,-73,sta,True,True,1,14398
2026-07-08T20:41:37,ok,8368,171304,62352,41972,163544,54592,-73,sta,True,True,1,14516
2026-07-08T20:42:07,ok,8398,171304,62352,41972,163544,54592,-73,sta,True,True,1,14634
2026-07-08T20:42:37,ok,8428,171304,62352,41972,163544,54592,-71,sta,True,True,1,14752
2026-07-08T20:43:08,ok,8458,171304,62352,41972,163544,54592,-72,sta,True,True,1,14869
2026-07-08T20:43:38,ok,8488,171304,62352,41972,163544,54592,-71,sta,True,True,1,14987
2026-07-08T20:44:08,ok,8518,171304,62352,41972,163544,54592,-71,sta,True,True,1,15103
2026-07-08T20:44:38,ok,8548,171304,62352,41972,163544,54592,-72,sta,True,True,1,15221
2026-07-08T20:45:08,ok,8578,171304,62352,41972,163544,54592,-71,sta,True,True,1,15339
2026-07-08T20:45:38,ok,8609,171304,62352,41972,163544,54592,-72,sta,True,True,1,15456
2026-07-08T20:46:08,ok,8639,171304,62352,41972,163544,54592,-71,sta,True,True,1,15574
2026-07-08T20:46:38,ok,8669,170468,62352,41972,162708,54592,-71,sta,True,True,1,15691
2026-07-08T20:47:08,ok,8699,171304,62352,41972,163544,54592,-70,sta,True,True,1,15810
2026-07-08T20:47:38,ok,8729,171304,62352,41972,163544,54592,-71,sta,True,True,1,15928
2026-07-08T20:48:08,ok,8759,167772,62352,41972,160012,54592,-70,sta,True,True,1,16046
2026-07-08T20:48:38,ok,8789,167768,62352,41972,160008,54592,-71,sta,True,True,1,16164
2026-07-08T20:49:08,ok,8819,170352,62352,41972,162592,54592,-71,sta,True,True,1,16282
2026-07-08T20:49:38,ok,8849,170900,62352,41972,163140,54592,-70,sta,True,True,1,16400
2026-07-08T20:50:09,ok,8879,166664,62352,41972,158904,54592,-70,sta,True,True,1,16519
2026-07-08T20:50:39,ok,8909,171304,62352,41972,163544,54592,-71,sta,True,True,1,16636
2026-07-08T20:51:09,ok,8939,167504,62352,41972,159744,54592,-71,sta,True,True,1,16754
2026-07-08T20:51:39,ok,8970,167772,62352,41972,160012,54592,-70,sta,True,True,1,16872
2026-07-08T20:52:09,ok,9000,170772,62352,41972,163012,54592,-70,sta,True,True,1,16990
2026-07-08T20:52:39,ok,9030,167768,62352,41972,160008,54592,-70,sta,True,True,1,17108
2026-07-08T20:53:09,ok,9060,167772,62352,41972,160012,54592,-70,sta,True,True,1,17226
2026-07-08T20:53:39,ok,9090,170900,62352,41972,163140,54592,-70,sta,True,True,1,17344
2026-07-08T20:54:09,ok,9120,167768,62352,41972,160008,54592,-70,sta,True,True,1,17462
2026-07-08T20:54:40,ok,9150,170364,62352,41972,162604,54592,-70,sta,True,True,1,17580
2026-07-08T20:55:10,ok,9180,167772,62352,41972,160012,54592,-71,sta,True,True,1,17698
2026-07-08T20:55:40,ok,9211,167768,62352,41972,160008,54592,-70,sta,True,True,1,17816
2026-07-08T20:56:10,ok,9241,167768,62352,41972,160008,54592,-71,sta,True,True,1,17934
2026-07-08T20:56:40,ok,9271,167772,62352,41972,160012,54592,-70,sta,True,True,1,18052
2026-07-08T20:57:10,ok,9301,167772,62352,41972,160012,54592,-71,sta,True,True,1,18170
2026-07-08T20:57:40,ok,9331,170768,62352,41972,163008,54592,-70,sta,True,True,1,18288
2026-07-08T20:58:10,ok,9361,166932,62352,41972,159172,54592,-70,sta,True,True,1,18406
2026-07-08T20:58:41,ok,9391,170684,62352,41972,162924,54592,-70,sta,True,True,1,18523
2026-07-08T20:59:11,ok,9421,167500,62352,41972,159740,54592,-71,sta,True,True,1,18641
2026-07-08T20:59:41,ok,9451,168036,62352,41972,160276,54592,-71,sta,True,True,1,18759
2026-07-08T21:00:11,ok,9482,167772,62352,41972,160012,54592,-69,sta,True,True,1,18877
2026-07-08T21:00:41,ok,9512,167772,62352,41972,160012,54592,-69,sta,True,True,1,18995
2026-07-08T21:01:11,ok,9542,165396,62352,41972,157556,54592,-70,sta,True,True,1,19113
2026-07-08T21:01:41,ok,9572,168304,62352,41972,160544,54592,-71,sta,True,True,1,19231
2026-07-08T21:02:11,ok,9602,167772,62352,41972,160012,54592,-70,sta,True,True,1,19349
2026-07-08T21:02:41,ok,9632,167632,62352,41972,159872,54592,-70,sta,True,True,1,19468
2026-07-08T21:03:12,ok,9663,168036,62352,41972,160276,54592,-70,sta,True,True,1,19586
2026-07-08T21:03:42,ok,9693,168040,62352,41972,160280,54592,-70,sta,True,True,1,19704
2026-07-08T21:04:12,ok,9723,171040,62352,41972,163280,54592,-71,sta,True,True,1,19822
2026-07-08T21:04:42,ok,9753,171040,62352,41972,163280,54592,-70,sta,True,True,1,19940
2026-07-08T21:05:12,ok,9783,168036,62352,41972,160276,54592,-71,sta,True,True,1,20058
2026-07-08T21:05:42,ok,9813,168036,62352,41972,160276,54592,-71,sta,True,True,1,20176
2026-07-08T21:06:12,ok,9843,167500,62352,41972,159740,54592,-70,sta,True,True,1,20294
2026-07-08T21:06:43,ok,9873,167500,62352,41972,159740,54592,-70,sta,True,True,1,20413
2026-07-08T21:07:13,ok,9904,171308,62352,41972,163548,54592,-70,sta,True,True,1,20530
2026-07-08T21:07:43,ok,9934,168308,62352,41972,160548,54592,-73,sta,True,True,1,20648
2026-07-08T21:08:13,ok,9964,168036,62352,41972,160276,54592,-74,sta,True,True,1,20766
2026-07-08T21:08:43,ok,9994,167500,62352,41972,159740,54592,-73,sta,True,True,1,20884
2026-07-08T21:09:13,ok,10024,168040,62352,41972,160280,54592,-73,sta,True,True,1,21002
2026-07-08T21:09:43,ok,10054,167504,62352,41972,159744,54592,-71,sta,True,True,1,21120
2026-07-08T21:10:13,ok,10084,167500,62352,41972,159740,54592,-71,sta,True,True,1,21238
2026-07-08T21:10:44,ok,10114,167500,62352,41972,159740,54592,-70,sta,True,True,1,21356
2026-07-08T21:11:14,ok,10144,171036,62352,41972,163276,54592,-70,sta,True,True,1,21474
2026-07-08T21:11:44,ok,10175,171036,62352,41972,163276,54592,-71,sta,True,True,1,21592
2026-07-08T21:12:14,ok,10205,168036,62352,41972,160276,54592,-70,sta,True,True,1,21710
2026-07-08T21:12:44,ok,10235,168040,62352,41972,160280,54592,-70,sta,True,True,1,21828
2026-07-08T21:13:14,ok,10265,168040,62352,41972,160280,54592,-69,sta,True,True,1,21946
2026-07-08T21:13:44,ok,10295,168036,62352,41972,160276,54592,-71,sta,True,True,1,22064
2026-07-08T21:14:14,ok,10325,171036,62352,41972,163276,54592,-71,sta,True,True,1,22182
2026-07-08T21:14:45,ok,10355,168040,62352,41972,160280,54592,-73,sta,True,True,1,22300
2026-07-08T21:15:15,ok,10385,170628,62352,41972,162868,54592,-72,sta,True,True,1,22418
2026-07-08T21:15:45,ok,10416,171036,62352,41972,163276,54592,-71,sta,True,True,1,22536
2026-07-08T21:16:15,ok,10446,168040,62352,41972,160280,54592,-71,sta,True,True,1,22654
2026-07-08T21:16:45,ok,10476,168040,62352,41972,160280,54592,-73,sta,True,True,1,22772
2026-07-08T21:17:15,ok,10506,167628,62352,41972,159868,54592,-73,sta,True,True,1,22890
2026-07-08T21:17:45,ok,10536,170632,62352,41972,162872,54592,-71,sta,True,True,1,23008
2026-07-08T21:18:15,ok,10566,168040,62352,41972,160280,54592,-71,sta,True,True,1,23126
2026-07-08T21:18:46,ok,10596,168040,62352,41972,160280,54592,-71,sta,True,True,1,23244
2026-07-08T21:19:16,ok,10627,168036,62352,41972,160276,54592,-71,sta,True,True,1,23362
2026-07-08T21:19:46,ok,10657,168036,62352,41972,160276,54592,-70,sta,True,True,1,23480
2026-07-08T21:20:16,ok,10687,168040,62352,41972,160280,54592,-71,sta,True,True,1,23598
2026-07-08T21:20:46,ok,10717,169328,62352,41972,161568,54592,-71,sta,True,True,1,23716
2026-07-08T21:21:16,ok,10747,169896,62352,41972,162136,54592,-73,sta,True,True,1,23834
2026-07-08T21:21:46,ok,10777,169904,62352,41972,162144,54592,-73,sta,True,True,1,23952
2026-07-08T21:22:16,ok,10807,169492,62352,41972,161732,54592,-73,sta,True,True,1,24070
2026-07-08T21:22:47,ok,10837,172892,62352,41972,165132,54592,-71,sta,True,True,1,24188
2026-07-08T21:23:17,ok,10867,169360,62352,41972,161600,54592,-73,sta,True,True,1,24306
2026-07-08T21:23:47,ok,10898,172364,62352,41972,164604,54592,-73,sta,True,True,1,24424
2026-07-08T21:24:17,ok,10928,169636,62352,41972,161876,54592,-73,sta,True,True,1,24542
2026-07-08T21:24:47,ok,10958,169896,62352,41972,162136,54592,-71,sta,True,True,1,24660
2026-07-08T21:25:17,ok,10988,169904,62352,41972,162144,54592,-72,sta,True,True,1,24778
2026-07-08T21:25:47,ok,11018,169904,62352,41972,162144,54592,-71,sta,True,True,1,24896
2026-07-08T21:26:17,ok,11048,169212,62352,41972,161452,54592,-70,sta,True,True,1,25015
2026-07-08T21:26:48,ok,11078,169628,62352,41972,161868,54592,-71,sta,True,True,1,25133
2026-07-08T21:27:18,ok,11109,169636,62352,41972,161876,54592,-70,sta,True,True,1,25251
2026-07-08T21:27:48,ok,11139,169628,62352,41972,161868,54592,-70,sta,True,True,1,25369
2026-07-08T21:28:18,ok,11169,172760,62352,41972,165000,54592,-72,sta,True,True,1,25487
2026-07-08T21:28:48,ok,11199,169096,62352,41972,161336,54592,-72,sta,True,True,1,25605
2026-07-08T21:29:18,ip_dead,,,,,,,,,,,0,
2026-07-08T21:29:55,ip_dead,,,,,,,,,,,0,
2026-07-08T21:30:32,ip_dead,,,,,,,,,,,0,
2026-07-08T21:31:04,ip_dead,,,,,,,,,,,0,
2026-07-08T21:31:36,ip_dead,,,,,,,,,,,0,
2026-07-08T21:32:08,ip_dead,,,,,,,,,,,0,
2026-07-08T21:32:40,ip_dead,,,,,,,,,,,0,
2026-07-08T21:33:17,ip_dead,,,,,,,,,,,0,
2026-07-08T21:33:50,ip_dead,,,,,,,,,,,0,
2026-07-08T21:34:22,ip_dead,,,,,,,,,,,0,
2026-07-08T21:34:54,ip_dead,,,,,,,,,,,0,
2026-07-08T21:35:26,ip_dead,,,,,,,,,,,0,
2026-07-08T21:36:03,ip_dead,,,,,,,,,,,0,
2026-07-08T21:36:35,ip_dead,,,,,,,,,,,0,
2026-07-08T21:37:07,ip_dead,,,,,,,,,,,0,
2026-07-08T21:37:39,ip_dead,,,,,,,,,,,0,
2026-07-08T21:38:11,ip_dead,,,,,,,,,,,0,
2026-07-08T21:38:48,ip_dead,,,,,,,,,,,0,
2026-07-08T21:39:20,ip_dead,,,,,,,,,,,0,
2026-07-08T21:39:52,ip_dead,,,,,,,,,,,0,
2026-07-08T21:40:24,ip_dead,,,,,,,,,,,0,
2026-07-08T21:40:56,ip_dead,,,,,,,,,,,0,
2026-07-08T21:41:33,ip_dead,,,,,,,,,,,0,
2026-07-08T21:42:05,ip_dead,,,,,,,,,,,0,
2026-07-08T21:42:37,ip_dead,,,,,,,,,,,0,
2026-07-08T21:43:09,ip_dead,,,,,,,,,,,0,
2026-07-08T21:43:41,ip_dead,,,,,,,,,,,0,
2026-07-08T21:44:18,ip_dead,,,,,,,,,,,0,
2026-07-08T21:44:50,ip_dead,,,,,,,,,,,0,
2026-07-08T21:45:22,ip_dead,,,,,,,,,,,0,
2026-07-08T21:45:54,ip_dead,,,,,,,,,,,0,
2026-07-08T21:46:26,ip_dead,,,,,,,,,,,0,
2026-07-08T21:47:03,ip_dead,,,,,,,,,,,0,
2026-07-08T21:47:35,ip_dead,,,,,,,,,,,0,
2026-07-08T21:48:07,ip_dead,,,,,,,,,,,0,
2026-07-08T21:48:39,ip_dead,,,,,,,,,,,0,
2026-07-08T21:49:11,ip_dead,,,,,,,,,,,0,
2026-07-08T21:49:48,ip_dead,,,,,,,,,,,0,
2026-07-08T21:50:20,ip_dead,,,,,,,,,,,0,
2026-07-08T21:50:52,ip_dead,,,,,,,,,,,0,
2026-07-08T21:51:24,ip_dead,,,,,,,,,,,0,
2026-07-08T21:51:56,ip_dead,,,,,,,,,,,0,
2026-07-08T21:52:28,ip_dead,,,,,,,,,,,0,
2026-07-08T21:53:00,ip_dead,,,,,,,,,,,0,
2026-07-08T21:53:33,ip_dead,,,,,,,,,,,0,
2026-07-08T21:54:10,ip_dead,,,,,,,,,,,0,
2026-07-08T21:54:42,ip_dead,,,,,,,,,,,0,
2026-07-08T21:55:14,ip_dead,,,,,,,,,,,0,
2026-07-08T21:55:46,ip_dead,,,,,,,,,,,0,
2026-07-08T21:56:18,ip_dead,,,,,,,,,,,0,
2026-07-08T21:56:50,ip_dead,,,,,,,,,,,0,
2026-07-08T21:57:22,ip_dead,,,,,,,,,,,0,
2026-07-08T21:57:54,ip_dead,,,,,,,,,,,0,
2026-07-08T21:58:26,ip_dead,,,,,,,,,,,0,
2026-07-08T21:59:03,ip_dead,,,,,,,,,,,0,
2026-07-08T21:59:35,ip_dead,,,,,,,,,,,0,
2026-07-08T22:00:07,ip_dead,,,,,,,,,,,0,
2026-07-08T22:00:39,ip_dead,,,,,,,,,,,0,
2026-07-08T22:01:11,ip_dead,,,,,,,,,,,0,
2026-07-08T22:01:48,ip_dead,,,,,,,,,,,0,
2026-07-08T22:02:20,ip_dead,,,,,,,,,,,0,
2026-07-08T22:02:52,ip_dead,,,,,,,,,,,0,
2026-07-08T22:03:24,ip_dead,,,,,,,,,,,0,
2026-07-08T22:03:56,ip_dead,,,,,,,,,,,0,
2026-07-08T22:04:33,ip_dead,,,,,,,,,,,0,
2026-07-08T22:05:05,ip_dead,,,,,,,,,,,0,
2026-07-08T22:05:37,ip_dead,,,,,,,,,,,0,
2026-07-08T22:06:09,ip_dead,,,,,,,,,,,0,
2026-07-08T22:06:41,ip_dead,,,,,,,,,,,0,
2026-07-08T22:07:18,ip_dead,,,,,,,,,,,0,
2026-07-08T22:07:50,ip_dead,,,,,,,,,,,0,
2026-07-08T22:08:22,ip_dead,,,,,,,,,,,0,
2026-07-08T22:08:54,ip_dead,,,,,,,,,,,0,
2026-07-08T22:09:26,ip_dead,,,,,,,,,,,0,
2026-07-08T22:10:03,ip_dead,,,,,,,,,,,0,
2026-07-08T22:10:35,ip_dead,,,,,,,,,,,0,
2026-07-08T22:11:07,ip_dead,,,,,,,,,,,0,
2026-07-08T22:11:39,ip_dead,,,,,,,,,,,0,
2026-07-08T22:12:11,ip_dead,,,,,,,,,,,0,
2026-07-08T22:12:43,ip_dead,,,,,,,,,,,0,
2026-07-08T22:13:15,ip_dead,,,,,,,,,,,0,
2026-07-08T22:13:47,ip_dead,,,,,,,,,,,0,
2026-07-08T22:14:24,ip_dead,,,,,,,,,,,0,
2026-07-08T22:14:56,ip_dead,,,,,,,,,,,0,
2026-07-08T22:15:28,ip_dead,,,,,,,,,,,0,
2026-07-08T22:16:00,ip_dead,,,,,,,,,,,0,
2026-07-08T22:16:33,ip_dead,,,,,,,,,,,0,
2026-07-08T22:17:10,ip_dead,,,,,,,,,,,0,
2026-07-08T22:17:42,ip_dead,,,,,,,,,,,0,
2026-07-08T22:18:14,ip_dead,,,,,,,,,,,0,
2026-07-08T22:18:46,ip_dead,,,,,,,,,,,0,
2026-07-08T22:19:18,ip_dead,,,,,,,,,,,0,
2026-07-08T22:19:55,ip_dead,,,,,,,,,,,0,
2026-07-08T22:20:27,ip_dead,,,,,,,,,,,0,
2026-07-08T22:20:59,ip_dead,,,,,,,,,,,0,
2026-07-08T22:21:31,ip_dead,,,,,,,,,,,0,
2026-07-08T22:22:03,ip_dead,,,,,,,,,,,0,
2026-07-08T22:22:40,ip_dead,,,,,,,,,,,0,
2026-07-08T22:23:12,ip_dead,,,,,,,,,,,0,
2026-07-08T22:23:44,ip_dead,,,,,,,,,,,0,
2026-07-08T22:24:16,ip_dead,,,,,,,,,,,0,
2026-07-08T22:24:48,ip_dead,,,,,,,,,,,0,
2026-07-08T22:25:25,ip_dead,,,,,,,,,,,0,
2026-07-08T22:25:57,ip_dead,,,,,,,,,,,0,
2026-07-08T22:26:29,ip_dead,,,,,,,,,,,0,
2026-07-08T22:27:01,ip_dead,,,,,,,,,,,0,
2026-07-08T22:27:33,ip_dead,,,,,,,,,,,0,
2026-07-08T22:28:10,ip_dead,,,,,,,,,,,0,
2026-07-08T22:28:42,ip_dead,,,,,,,,,,,0,
2026-07-08T22:29:14,ip_dead,,,,,,,,,,,0,
2026-07-08T22:29:46,ip_dead,,,,,,,,,,,0,
2026-07-08T22:30:18,ip_dead,,,,,,,,,,,0,
2026-07-08T22:30:55,ip_dead,,,,,,,,,,,0,
2026-07-08T22:31:27,ip_dead,,,,,,,,,,,0,
2026-07-08T22:31:59,ip_dead,,,,,,,,,,,0,
2026-07-08T22:32:31,ip_dead,,,,,,,,,,,0,
2026-07-08T22:33:03,ip_dead,,,,,,,,,,,0,
2026-07-08T22:33:40,ip_dead,,,,,,,,,,,0,
2026-07-08T22:34:12,ip_dead,,,,,,,,,,,0,
2026-07-08T22:34:44,ip_dead,,,,,,,,,,,0,
2026-07-08T22:35:16,ip_dead,,,,,,,,,,,0,
2026-07-08T22:35:48,ip_dead,,,,,,,,,,,0,
2026-07-08T22:36:25,ip_dead,,,,,,,,,,,0,
2026-07-08T22:36:57,ip_dead,,,,,,,,,,,0,
2026-07-08T22:37:29,ip_dead,,,,,,,,,,,0,
2026-07-08T22:38:01,ip_dead,,,,,,,,,,,0,
2026-07-08T22:38:33,ip_dead,,,,,,,,,,,0,
2026-07-08T22:39:10,ip_dead,,,,,,,,,,,0,
2026-07-08T22:39:42,ip_dead,,,,,,,,,,,0,
2026-07-08T22:40:14,ip_dead,,,,,,,,,,,0,
2026-07-08T22:40:46,ip_dead,,,,,,,,,,,0,
2026-07-08T22:41:18,ip_dead,,,,,,,,,,,0,
2026-07-08T22:41:56,ip_dead,,,,,,,,,,,0,
2026-07-08T22:42:28,ip_dead,,,,,,,,,,,0,
2026-07-08T22:43:00,ip_dead,,,,,,,,,,,0,
2026-07-08T22:43:32,ip_dead,,,,,,,,,,,0,
2026-07-08T22:44:04,ip_dead,,,,,,,,,,,0,
2026-07-08T22:48:16,ip_dead,,,,,,,,,,,0,
2026-07-08T23:04:49,ip_dead,,,,,,,,,,,0,
2026-07-08T23:08:53,ip_dead,,,,,,,,,,,0,
2026-07-08T23:10:49,ip_dead,,,,,,,,,,,0,
2026-07-08T23:21:22,ip_dead,,,,,,,,,,,0,
2026-07-08T23:32:06,ip_dead,,,,,,,,,,,0,
2026-07-08T23:37:27,ip_dead,,,,,,,,,,,0,
2026-07-08T23:45:34,ip_dead,,,,,,,,,,,0,
2026-07-09T00:18:12,ip_dead,,,,,,,,,,,0,
2026-07-09T01:19:00,ip_dead,,,,,,,,,,,0,
2026-07-09T01:46:02,ip_dead,,,,,,,,,,,0,
2026-07-09T02:36:16,ip_dead,,,,,,,,,,,0,
2026-07-09T03:42:31,ip_dead,,,,,,,,,,,0,
2026-07-09T04:30:43,ip_dead,,,,,,,,,,,0,
2026-07-09T04:49:48,ip_dead,,,,,,,,,,,0,
2026-07-09T05:54:02,ip_dead,,,,,,,,,,,0,
2026-07-09T06:45:45,ip_dead,,,,,,,,,,,0,
2026-07-09T07:01:37,ip_dead,,,,,,,,,,,0,
2026-07-09T08:05:43,ip_dead,,,,,,,,,,,0,
2026-07-09T08:25:36,ip_dead,,,,,,,,,,,0,
2026-07-09T09:00:27,ip_dead,,,,,,,,,,,0,
2026-07-09T09:17:04,ip_dead,,,,,,,,,,,0,
2026-07-09T09:30:33,ip_dead,,,,,,,,,,,0,
2026-07-09T09:34:25,ip_dead,,,,,,,,,,,0,
2026-07-09T09:42:04,ip_dead,,,,,,,,,,,0,
2026-07-09T09:43:58,ip_dead,,,,,,,,,,,0,
2026-07-09T09:48:12,ip_dead,,,,,,,,,,,0,
2026-07-09T09:49:43,ip_dead,,,,,,,,,,,0,
2026-07-09T10:06:50,ip_dead,,,,,,,,,,,0,
2026-07-09T10:07:27,ip_dead,,,,,,,,,,,0,
2026-07-09T10:08:04,ip_dead,,,,,,,,,,,0,
2026-07-09T10:08:41,ip_dead,,,,,,,,,,,0,
2026-07-09T10:09:18,ip_dead,,,,,,,,,,,0,
2026-07-09T10:09:55,ip_dead,,,,,,,,,,,0,
2026-07-09T10:10:32,ip_dead,,,,,,,,,,,0,
2026-07-09T10:11:09,ip_dead,,,,,,,,,,,0,
2026-07-09T10:11:46,ip_dead,,,,,,,,,,,0,
